track_id,distance_to_flaw,exceeds_1000,exceeds_2000,between_1000_2000,flaw_density_category
1,1686.9145221168,TRUE,FALSE,TRUE,Medium density
2,1153.22054177523,TRUE,FALSE,TRUE,Medium density
3,2658.10973561349,TRUE,TRUE,FALSE,Medium density
4,63.1547182166239,FALSE,FALSE,FALSE,High density
5,112.421952188015,FALSE,FALSE,FALSE,High density
6,633.00243275542,FALSE,FALSE,FALSE,High density
7,628.454584430595,FALSE,FALSE,FALSE,High density
8,290.533607825637,FALSE,FALSE,FALSE,High density
9,5452.47292865939,TRUE,TRUE,FALSE,Low density
10,58.3068941651451,FALSE,FALSE,FALSE,High density
11,2009.6601153815,TRUE,TRUE,FALSE,Medium density
12,960.429455319547,FALSE,FALSE,FALSE,High density
13,562.02725507319,FALSE,FALSE,FALSE,High density
14,754.235662134267,FALSE,FALSE,FALSE,High density
15,376.568081788719,FALSE,FALSE,FALSE,High density
16,1699.57225947621,TRUE,FALSE,TRUE,Medium density
17,3126.4070792306,TRUE,TRUE,FALSE,Low density
18,957.52083267311,FALSE,FALSE,FALSE,High density
19,1181.86967074871,TRUE,FALSE,TRUE,Medium density
20,8082.02342274499,TRUE,TRUE,FALSE,Low density
21,1686.29946226755,TRUE,FALSE,TRUE,Medium density
22,1931.74242219868,TRUE,FALSE,TRUE,Medium density
23,2970.55158803614,TRUE,TRUE,FALSE,Medium density
24,2696.08897148612,TRUE,TRUE,FALSE,Medium density
25,2337.05796851757,TRUE,TRUE,FALSE,Medium density
26,3211.70468611603,TRUE,TRUE,FALSE,Low density
27,2993.48573742395,TRUE,TRUE,FALSE,Medium density
28,3141.30509379045,TRUE,TRUE,FALSE,Low density
29,63.5354879229519,FALSE,FALSE,FALSE,High density
30,1195.69938257337,TRUE,FALSE,TRUE,Medium density
31,4335.67949095631,TRUE,TRUE,FALSE,Low density
32,1013.23145721108,TRUE,FALSE,TRUE,Medium density
33,519.115634660145,FALSE,FALSE,FALSE,High density
34,5193.78423293061,TRUE,TRUE,FALSE,Low density
35,2458.05146350505,TRUE,TRUE,FALSE,Medium density
36,1581.36351770701,TRUE,FALSE,TRUE,Medium density
37,1258.56015551835,TRUE,FALSE,TRUE,Medium density
38,2509.28200589568,TRUE,TRUE,FALSE,Medium density
39,1177.36928444356,TRUE,FALSE,TRUE,Medium density
40,2258.58006769825,TRUE,TRUE,FALSE,Medium density
41,840.729605406523,FALSE,FALSE,FALSE,High density
42,14422.0151520314,TRUE,TRUE,FALSE,Low density
43,1691.44393039507,TRUE,FALSE,TRUE,Medium density
44,451.084013096988,FALSE,FALSE,FALSE,High density
45,2200.67763506415,TRUE,TRUE,FALSE,Medium density
46,4496.61138465003,TRUE,TRUE,FALSE,Low density
47,2727.46859854999,TRUE,TRUE,FALSE,Medium density
48,1152.78333611786,TRUE,FALSE,TRUE,Medium density
49,5450.55169959493,TRUE,TRUE,FALSE,Low density
50,2624.32608520304,TRUE,TRUE,FALSE,Medium density
51,181.182700239296,FALSE,FALSE,FALSE,High density
52,612.407700158656,FALSE,FALSE,FALSE,High density
53,2134.42613921108,TRUE,TRUE,FALSE,Medium density
54,627.032511867583,FALSE,FALSE,FALSE,High density
55,1949.28030102494,TRUE,FALSE,TRUE,Medium density
56,3775.64663050656,TRUE,TRUE,FALSE,Low density
57,1129.17720526457,TRUE,FALSE,TRUE,Medium density
58,5153.92265816159,TRUE,TRUE,FALSE,Low density
59,2095.39149586261,TRUE,TRUE,FALSE,Medium density
60,2048.88268365505,TRUE,TRUE,FALSE,Medium density
61,2055.73923128628,TRUE,TRUE,FALSE,Medium density
62,569.336921373805,FALSE,FALSE,FALSE,High density
63,3126.10377727037,TRUE,TRUE,FALSE,Low density
64,84.1765859432002,FALSE,FALSE,FALSE,High density
65,197.261779606787,FALSE,FALSE,FALSE,High density
66,197.13862426579,FALSE,FALSE,FALSE,High density
67,560.770322601171,FALSE,FALSE,FALSE,High density
68,591.57391730696,FALSE,FALSE,FALSE,High density
69,1944.85929786208,TRUE,FALSE,TRUE,Medium density
70,1848.05444805863,TRUE,FALSE,TRUE,Medium density
71,3284.80905344425,TRUE,TRUE,FALSE,Low density
72,3239.82553539758,TRUE,TRUE,FALSE,Low density
73,5072.29107965655,TRUE,TRUE,FALSE,Low density
74,3043.09924675112,TRUE,TRUE,FALSE,Low density
75,760.028406046331,FALSE,FALSE,FALSE,High density
76,477.025933563709,FALSE,FALSE,FALSE,High density
77,932.974847124813,FALSE,FALSE,FALSE,High density
78,84.5429031178355,FALSE,FALSE,FALSE,High density
79,639.353798702359,FALSE,FALSE,FALSE,High density
80,1287.22184058279,TRUE,FALSE,TRUE,Medium density
81,1145.12620680034,TRUE,FALSE,TRUE,Medium density
82,432.111005084157,FALSE,FALSE,FALSE,High density
83,8997.34679559126,TRUE,TRUE,FALSE,Low density
84,3714.18110636954,TRUE,TRUE,FALSE,Low density
85,1370.91727554798,TRUE,FALSE,TRUE,Medium density
86,2878.90525228948,TRUE,TRUE,FALSE,Medium density
87,3462.30796710364,TRUE,TRUE,FALSE,Low density
88,2489.56659986618,TRUE,TRUE,FALSE,Medium density
89,2926.60112008524,TRUE,TRUE,FALSE,Medium density
90,3074.78795706773,TRUE,TRUE,FALSE,Low density
91,9.19825304299593,FALSE,FALSE,FALSE,High density
92,2217.53093591871,TRUE,TRUE,FALSE,Medium density
93,599.94063526392,FALSE,FALSE,FALSE,High density
94,2384.00601400974,TRUE,TRUE,FALSE,Medium density
95,2229.85740742626,TRUE,TRUE,FALSE,Medium density
96,134.751781821251,FALSE,FALSE,FALSE,High density
97,961.337441578507,FALSE,FALSE,FALSE,High density
98,3140.90867804348,TRUE,TRUE,FALSE,Low density
99,519.892213866115,FALSE,FALSE,FALSE,High density
100,3713.84457481985,TRUE,TRUE,FALSE,Low density
101,926.439241540722,FALSE,FALSE,FALSE,High density
102,472.071493044496,FALSE,FALSE,FALSE,High density
103,2364.1988429332,TRUE,TRUE,FALSE,Medium density
104,119.342743419111,FALSE,FALSE,FALSE,High density
105,806.476882906,FALSE,FALSE,FALSE,High density
106,1885.87968043032,TRUE,FALSE,TRUE,Medium density
107,833.161288872361,FALSE,FALSE,FALSE,High density
108,1506.4368098134,TRUE,FALSE,TRUE,Medium density
109,377.372776158154,FALSE,FALSE,FALSE,High density
110,1753.70774225824,TRUE,FALSE,TRUE,Medium density
111,380.075641393609,FALSE,FALSE,FALSE,High density
112,1958.15641238334,TRUE,FALSE,TRUE,Medium density
113,646.75165451105,FALSE,FALSE,FALSE,High density
114,2640.95510720255,TRUE,TRUE,FALSE,Medium density
115,636.921296827495,FALSE,FALSE,FALSE,High density
116,3210.13459173923,TRUE,TRUE,FALSE,Low density
117,291.468232870102,FALSE,FALSE,FALSE,High density
118,3606.25863713036,TRUE,TRUE,FALSE,Low density
119,60.1189089938998,FALSE,FALSE,FALSE,High density
120,2606.88109873774,TRUE,TRUE,FALSE,Medium density
121,399.584489478282,FALSE,FALSE,FALSE,High density
122,3502.91248394137,TRUE,TRUE,FALSE,Low density
123,3527.33666432982,TRUE,TRUE,FALSE,Low density
124,1686.0871565284,TRUE,FALSE,TRUE,Medium density
125,697.505552321672,FALSE,FALSE,FALSE,High density
126,6595.64959969292,TRUE,TRUE,FALSE,Low density
127,803.412349894643,FALSE,FALSE,FALSE,High density
128,2201.40346876326,TRUE,TRUE,FALSE,Medium density
129,2657.84634455087,TRUE,TRUE,FALSE,Medium density
130,1283.805295825,TRUE,FALSE,TRUE,Medium density
131,391.667430882966,FALSE,FALSE,FALSE,High density
132,913.5777130723,FALSE,FALSE,FALSE,High density
133,745.500328019261,FALSE,FALSE,FALSE,High density
134,6927.18978192578,TRUE,TRUE,FALSE,Low density
135,2548.05543824079,TRUE,TRUE,FALSE,Medium density
136,2162.97030136402,TRUE,TRUE,FALSE,Medium density
137,593.918321767692,FALSE,FALSE,FALSE,High density
138,168.321468867362,FALSE,FALSE,FALSE,High density
139,5906.80183447806,TRUE,TRUE,FALSE,Low density
140,3936.50450913196,TRUE,TRUE,FALSE,Low density
141,1327.71025132388,TRUE,FALSE,TRUE,Medium density
142,3218.78428740387,TRUE,TRUE,FALSE,Low density
143,1213.67416810244,TRUE,FALSE,TRUE,Medium density
144,187.304626218975,FALSE,FALSE,FALSE,High density
145,649.270568042994,FALSE,FALSE,FALSE,High density
146,3519.764624368,TRUE,TRUE,FALSE,Low density
147,532.221439294517,FALSE,FALSE,FALSE,High density
148,1881.25233530047,TRUE,FALSE,TRUE,Medium density
149,898.21738563478,FALSE,FALSE,FALSE,High density
150,2577.81295842471,TRUE,TRUE,FALSE,Medium density
151,356.57812519367,FALSE,FALSE,FALSE,High density
152,3143.4521750876,TRUE,TRUE,FALSE,Low density
153,124.281595461071,FALSE,FALSE,FALSE,High density
154,1141.16668514907,TRUE,FALSE,TRUE,Medium density
155,3461.56169084792,TRUE,TRUE,FALSE,Low density
156,2621.48780926111,TRUE,TRUE,FALSE,Medium density
157,2589.7459323524,TRUE,TRUE,FALSE,Medium density
158,934.621418121244,FALSE,FALSE,FALSE,High density
159,65.7795770093799,FALSE,FALSE,FALSE,High density
160,306.076085194945,FALSE,FALSE,FALSE,High density
161,2076.94400838556,TRUE,TRUE,FALSE,Medium density
162,2164.89141239765,TRUE,TRUE,FALSE,Medium density
163,7494.58227637124,TRUE,TRUE,FALSE,Low density
164,11.2521825358272,FALSE,FALSE,FALSE,High density
165,8.73474125909574,FALSE,FALSE,FALSE,High density
166,3399.96832219844,TRUE,TRUE,FALSE,Low density
167,1081.33629709482,TRUE,FALSE,TRUE,Medium density
168,940.737223252654,FALSE,FALSE,FALSE,High density
169,103.118831357809,FALSE,FALSE,FALSE,High density
170,1034.37267802656,TRUE,FALSE,TRUE,Medium density
171,2966.28601832275,TRUE,TRUE,FALSE,Medium density
172,2558.97111809793,TRUE,TRUE,FALSE,Medium density
173,2852.93634788128,TRUE,TRUE,FALSE,Medium density
174,4236.58868272729,TRUE,TRUE,FALSE,Low density
175,2848.32074814001,TRUE,TRUE,FALSE,Medium density
176,1768.22862206938,TRUE,FALSE,TRUE,Medium density
177,5381.97371710963,TRUE,TRUE,FALSE,Low density
178,4459.8141943378,TRUE,TRUE,FALSE,Low density
179,1045.60892038426,TRUE,FALSE,TRUE,Medium density
180,137.301129544755,FALSE,FALSE,FALSE,High density
181,1138.30106612295,TRUE,FALSE,TRUE,Medium density
182,8731.82187178984,TRUE,TRUE,FALSE,Low density
183,1116.26353114843,TRUE,FALSE,TRUE,Medium density
184,917.562607675791,FALSE,FALSE,FALSE,High density
185,520.52741125226,FALSE,FALSE,FALSE,High density
186,1397.68348993728,TRUE,FALSE,TRUE,Medium density
187,1926.37677701039,TRUE,FALSE,TRUE,Medium density
188,1462.95910975245,TRUE,FALSE,TRUE,Medium density
189,2224.55914123895,TRUE,TRUE,FALSE,Medium density
190,1211.24909166247,TRUE,FALSE,TRUE,Medium density
191,1342.83534809947,TRUE,FALSE,TRUE,Medium density
192,3263.31766021947,TRUE,TRUE,FALSE,Low density
193,203.852263176512,FALSE,FALSE,FALSE,High density
194,815.968245267868,FALSE,FALSE,FALSE,High density
195,5480.69710631795,TRUE,TRUE,FALSE,Low density
196,5703.75491645107,TRUE,TRUE,FALSE,Low density
197,48.3467442483636,FALSE,FALSE,FALSE,High density
198,951.189612038434,FALSE,FALSE,FALSE,High density
199,1336.21723670512,TRUE,FALSE,TRUE,Medium density
200,1900.46060449424,TRUE,FALSE,TRUE,Medium density
201,2275.5500053262,TRUE,TRUE,FALSE,Medium density
202,165.530173176979,FALSE,FALSE,FALSE,High density
203,3285.81540978645,TRUE,TRUE,FALSE,Low density
204,317.800829467216,FALSE,FALSE,FALSE,High density
205,2957.23187534099,TRUE,TRUE,FALSE,Medium density
206,226.063477880482,FALSE,FALSE,FALSE,High density
207,448.251340730989,FALSE,FALSE,FALSE,High density
208,1341.02127980441,TRUE,FALSE,TRUE,Medium density
209,3073.66142032628,TRUE,TRUE,FALSE,Low density
210,3857.64387233143,TRUE,TRUE,FALSE,Low density
211,427.144400684418,FALSE,FALSE,FALSE,High density
212,1135.78591495752,TRUE,FALSE,TRUE,Medium density
213,3866.64760095959,TRUE,TRUE,FALSE,Low density
214,7205.49572589708,TRUE,TRUE,FALSE,Low density
215,2639.15729141774,TRUE,TRUE,FALSE,Medium density
216,1861.52826983226,TRUE,FALSE,TRUE,Medium density
217,630.913724739817,FALSE,FALSE,FALSE,High density
218,289.564104188724,FALSE,FALSE,FALSE,High density
219,1856.58902293983,TRUE,FALSE,TRUE,Medium density
220,516.684931838329,FALSE,FALSE,FALSE,High density
221,1076.77564490587,TRUE,FALSE,TRUE,Medium density
222,150.708732195199,FALSE,FALSE,FALSE,High density
223,256.875412533266,FALSE,FALSE,FALSE,High density
224,5197.68030543752,TRUE,TRUE,FALSE,Low density
225,4140.38198796992,TRUE,TRUE,FALSE,Low density
226,410.762034919834,FALSE,FALSE,FALSE,High density
227,5532.25095917411,TRUE,TRUE,FALSE,Low density
228,2912.68554270788,TRUE,TRUE,FALSE,Medium density
229,5525.84459546994,TRUE,TRUE,FALSE,Low density
230,2965.66826460843,TRUE,TRUE,FALSE,Medium density
231,548.208523457412,FALSE,FALSE,FALSE,High density
232,1500.66745238604,TRUE,FALSE,TRUE,Medium density
233,2100.79500257018,TRUE,TRUE,FALSE,Medium density
234,723.150204867125,FALSE,FALSE,FALSE,High density
235,1921.88834576848,TRUE,FALSE,TRUE,Medium density
236,1326.27439219505,TRUE,FALSE,TRUE,Medium density
237,3155.27482679014,TRUE,TRUE,FALSE,Low density
238,3844.96182186489,TRUE,TRUE,FALSE,Low density
239,446.006298835535,FALSE,FALSE,FALSE,High density
240,7690.41177904712,TRUE,TRUE,FALSE,Low density
241,385.054178535938,FALSE,FALSE,FALSE,High density
242,1961.7933667356,TRUE,FALSE,TRUE,Medium density
243,419.915376032289,FALSE,FALSE,FALSE,High density
244,2491.93167119267,TRUE,TRUE,FALSE,Medium density
245,3340.19020182972,TRUE,TRUE,FALSE,Low density
246,781.377446347743,FALSE,FALSE,FALSE,High density
247,2022.67366825583,TRUE,TRUE,FALSE,Medium density
248,149.967285332973,FALSE,FALSE,FALSE,High density
249,5341.14943046994,TRUE,TRUE,FALSE,Low density
250,3351.24092532282,TRUE,TRUE,FALSE,Low density
251,1650.23732735755,TRUE,FALSE,TRUE,Medium density
252,335.489343851805,FALSE,FALSE,FALSE,High density
253,926.830635406077,FALSE,FALSE,FALSE,High density
254,3420.92329991942,TRUE,TRUE,FALSE,Low density
255,982.292330814637,FALSE,FALSE,FALSE,High density
256,3125.93445910101,TRUE,TRUE,FALSE,Low density
257,2250.75006849113,TRUE,TRUE,FALSE,Medium density
258,693.329925648868,FALSE,FALSE,FALSE,High density
259,95.2904066070914,FALSE,FALSE,FALSE,High density
260,2184.70870322528,TRUE,TRUE,FALSE,Medium density
261,2853.25968131262,TRUE,TRUE,FALSE,Medium density
262,1036.27766228667,TRUE,FALSE,TRUE,Medium density
263,3251.17633474951,TRUE,TRUE,FALSE,Low density
264,4388.03488128102,TRUE,TRUE,FALSE,Low density
265,339.746229350567,FALSE,FALSE,FALSE,High density
266,1552.51851669493,TRUE,FALSE,TRUE,Medium density
267,3164.70540887415,TRUE,TRUE,FALSE,Low density
268,1241.59226473421,TRUE,FALSE,TRUE,Medium density
269,5164.21451021857,TRUE,TRUE,FALSE,Low density
270,1288.12028467655,TRUE,FALSE,TRUE,Medium density
271,2304.55565374524,TRUE,TRUE,FALSE,Medium density
272,1386.93947189968,TRUE,FALSE,TRUE,Medium density
273,3070.87281152884,TRUE,TRUE,FALSE,Low density
274,1255.73488511145,TRUE,FALSE,TRUE,Medium density
275,1848.40535550358,TRUE,FALSE,TRUE,Medium density
276,750.970742665231,FALSE,FALSE,FALSE,High density
277,160.504696490476,FALSE,FALSE,FALSE,High density
278,712.895429693162,FALSE,FALSE,FALSE,High density
279,2543.01973175016,TRUE,TRUE,FALSE,Medium density
280,4414.5303701324,TRUE,TRUE,FALSE,Low density
281,1506.81902568636,TRUE,FALSE,TRUE,Medium density
282,68.6748539965028,FALSE,FALSE,FALSE,High density
283,1147.70941063762,TRUE,FALSE,TRUE,Medium density
284,2215.14296895804,TRUE,TRUE,FALSE,Medium density
285,2317.82592079582,TRUE,TRUE,FALSE,Medium density
286,1683.09540665689,TRUE,FALSE,TRUE,Medium density
287,4718.01627774663,TRUE,TRUE,FALSE,Low density
288,2309.92851770463,TRUE,TRUE,FALSE,Medium density
289,3620.80975605135,TRUE,TRUE,FALSE,Low density
290,144.214882515371,FALSE,FALSE,FALSE,High density
291,15.7948480919003,FALSE,FALSE,FALSE,High density
292,473.171771272029,FALSE,FALSE,FALSE,High density
293,4799.88089551158,TRUE,TRUE,FALSE,Low density
294,548.502114112152,FALSE,FALSE,FALSE,High density
295,3520.48321796541,TRUE,TRUE,FALSE,Low density
296,1473.14570055418,TRUE,FALSE,TRUE,Medium density
297,1260.32598037273,TRUE,FALSE,TRUE,Medium density
298,1795.43455681744,TRUE,FALSE,TRUE,Medium density
299,2303.66258501055,TRUE,TRUE,FALSE,Medium density
300,1883.19669655504,TRUE,FALSE,TRUE,Medium density
301,5936.85519661675,TRUE,TRUE,FALSE,Low density
302,75.2196935936809,FALSE,FALSE,FALSE,High density
303,716.053662821651,FALSE,FALSE,FALSE,High density
304,35.3875181135608,FALSE,FALSE,FALSE,High density
305,1809.3953578824,TRUE,FALSE,TRUE,Medium density
306,619.724865178065,FALSE,FALSE,FALSE,High density
307,1265.91255515814,TRUE,FALSE,TRUE,Medium density
308,6073.12610711823,TRUE,TRUE,FALSE,Low density
309,956.126742064953,FALSE,FALSE,FALSE,High density
310,2176.05031087043,TRUE,TRUE,FALSE,Medium density
311,1317.00329389423,TRUE,FALSE,TRUE,Medium density
312,142.165566794574,FALSE,FALSE,FALSE,High density
313,1582.65727004948,TRUE,FALSE,TRUE,Medium density
314,1203.79284769297,TRUE,FALSE,TRUE,Medium density
315,5091.5133168263,TRUE,TRUE,FALSE,Low density
316,1328.43109685928,TRUE,FALSE,TRUE,Medium density
317,1601.13494089785,TRUE,FALSE,TRUE,Medium density
318,1012.44039833546,TRUE,FALSE,TRUE,Medium density
319,112.936632774425,FALSE,FALSE,FALSE,High density
320,1208.9528683573,TRUE,FALSE,TRUE,Medium density
321,2467.68319784644,TRUE,TRUE,FALSE,Medium density
322,2007.07355319502,TRUE,TRUE,FALSE,Medium density
323,4051.60796998029,TRUE,TRUE,FALSE,Low density
324,277.530650608242,FALSE,FALSE,FALSE,High density
325,734.339657980266,FALSE,FALSE,FALSE,High density
326,662.940570153296,FALSE,FALSE,FALSE,High density
327,119.569834321737,FALSE,FALSE,FALSE,High density
328,39.3715975806117,FALSE,FALSE,FALSE,High density
329,7000.01336219621,TRUE,TRUE,FALSE,Low density
330,6598.61648049126,TRUE,TRUE,FALSE,Low density
331,278.756924227029,FALSE,FALSE,FALSE,High density
332,601.046001538634,FALSE,FALSE,FALSE,High density
333,615.066729485989,FALSE,FALSE,FALSE,High density
334,2548.32445262911,TRUE,TRUE,FALSE,Medium density
335,1249.21931419522,TRUE,FALSE,TRUE,Medium density
336,188.093670643866,FALSE,FALSE,FALSE,High density
337,767.056060886562,FALSE,FALSE,FALSE,High density
338,349.845468066633,FALSE,FALSE,FALSE,High density
339,2369.22960851157,TRUE,TRUE,FALSE,Medium density
340,2692.73762582781,TRUE,TRUE,FALSE,Medium density
341,7282.07452180696,TRUE,TRUE,FALSE,Low density
342,266.936331056058,FALSE,FALSE,FALSE,High density
343,2513.14745877804,TRUE,TRUE,FALSE,Medium density
344,2329.46194327417,TRUE,TRUE,FALSE,Medium density
345,209.79925369875,FALSE,FALSE,FALSE,High density
346,666.820631362498,FALSE,FALSE,FALSE,High density
347,84.262055595291,FALSE,FALSE,FALSE,High density
348,122.497545918633,FALSE,FALSE,FALSE,High density
349,33.4825189784169,FALSE,FALSE,FALSE,High density
350,2086.25433958116,TRUE,TRUE,FALSE,Medium density
351,44.3220877220046,FALSE,FALSE,FALSE,High density
352,745.961404405534,FALSE,FALSE,FALSE,High density
353,3013.78150633465,TRUE,TRUE,FALSE,Low density
354,1205.71833476424,TRUE,FALSE,TRUE,Medium density
355,3113.10164986138,TRUE,TRUE,FALSE,Low density
356,1290.86956661195,TRUE,FALSE,TRUE,Medium density
357,2034.27699013593,TRUE,TRUE,FALSE,Medium density
358,2379.64946395698,TRUE,TRUE,FALSE,Medium density
359,518.981695175171,FALSE,FALSE,FALSE,High density
360,5251.16286029048,TRUE,TRUE,FALSE,Low density
361,7746.66736605478,TRUE,TRUE,FALSE,Low density
362,809.511128985808,FALSE,FALSE,FALSE,High density
363,1019.46181431413,TRUE,FALSE,TRUE,Medium density
364,61.2008313398439,FALSE,FALSE,FALSE,High density
365,1101.63036547601,TRUE,FALSE,TRUE,Medium density
366,2400.825695982,TRUE,TRUE,FALSE,Medium density
367,6240.09256031285,TRUE,TRUE,FALSE,Low density
368,2301.5830143446,TRUE,TRUE,FALSE,Medium density
369,1576.30451946499,TRUE,FALSE,TRUE,Medium density
370,422.095844199756,FALSE,FALSE,FALSE,High density
371,1036.54135763645,TRUE,FALSE,TRUE,Medium density
372,1379.33849729598,TRUE,FALSE,TRUE,Medium density
373,1530.57798737387,TRUE,FALSE,TRUE,Medium density
374,3815.13412501447,TRUE,TRUE,FALSE,Low density
375,1275.82153305411,TRUE,FALSE,TRUE,Medium density
376,2728.51117505672,TRUE,TRUE,FALSE,Medium density
377,375.353972427547,FALSE,FALSE,FALSE,High density
378,1195.29423117638,TRUE,FALSE,TRUE,Medium density
379,125.212996093183,FALSE,FALSE,FALSE,High density
380,502.974548377097,FALSE,FALSE,FALSE,High density
381,982.544869184494,FALSE,FALSE,FALSE,High density
382,4890.99371780582,TRUE,TRUE,FALSE,Low density
383,1790.43525076451,TRUE,FALSE,TRUE,Medium density
384,458.248629234731,FALSE,FALSE,FALSE,High density
385,1011.72823179513,TRUE,FALSE,TRUE,Medium density
386,659.530243339916,FALSE,FALSE,FALSE,High density
387,946.481384336948,FALSE,FALSE,FALSE,High density
388,78.1623610849589,FALSE,FALSE,FALSE,High density
389,11.6332164034247,FALSE,FALSE,FALSE,High density
390,2190.65254545751,TRUE,TRUE,FALSE,Medium density
391,1382.22449179739,TRUE,FALSE,TRUE,Medium density
392,1225.74065532535,TRUE,FALSE,TRUE,Medium density
393,4485.0349745918,TRUE,TRUE,FALSE,Low density
394,4557.49912162252,TRUE,TRUE,FALSE,Low density
395,217.880869754052,FALSE,FALSE,FALSE,High density
396,3548.87266067748,TRUE,TRUE,FALSE,Low density
397,7500.94498279405,TRUE,TRUE,FALSE,Low density
398,85.255385376513,FALSE,FALSE,FALSE,High density
399,4919.7756682796,TRUE,TRUE,FALSE,Low density
400,1650.31312956455,TRUE,FALSE,TRUE,Medium density
401,2749.77356932106,TRUE,TRUE,FALSE,Medium density
402,349.112496711314,FALSE,FALSE,FALSE,High density
403,1226.77771840245,TRUE,FALSE,TRUE,Medium density
404,4004.51206399088,TRUE,TRUE,FALSE,Low density
405,2007.55263285282,TRUE,TRUE,FALSE,Medium density
406,859.019242227078,FALSE,FALSE,FALSE,High density
407,1324.88791551441,TRUE,FALSE,TRUE,Medium density
408,763.316856646566,FALSE,FALSE,FALSE,High density
409,89.3430644646287,FALSE,FALSE,FALSE,High density
410,3503.76080704813,TRUE,TRUE,FALSE,Low density
411,1441.44203389765,TRUE,FALSE,TRUE,Medium density
412,539.202039130032,FALSE,FALSE,FALSE,High density
413,158.243656158447,FALSE,FALSE,FALSE,High density
414,3014.24552110915,TRUE,TRUE,FALSE,Low density
415,1655.98857580664,TRUE,FALSE,TRUE,Medium density
416,332.122380845249,FALSE,FALSE,FALSE,High density
417,3413.00299746876,TRUE,TRUE,FALSE,Low density
418,5240.51862557359,TRUE,TRUE,FALSE,Low density
419,1879.4846135997,TRUE,FALSE,TRUE,Medium density
420,1467.35415040495,TRUE,FALSE,TRUE,Medium density
421,7893.96680476976,TRUE,TRUE,FALSE,Low density
422,463.837403913609,FALSE,FALSE,FALSE,High density
423,185.705034993589,FALSE,FALSE,FALSE,High density
424,2397.85030662062,TRUE,TRUE,FALSE,Medium density
425,3746.55696360355,TRUE,TRUE,FALSE,Low density
426,2108.33517569326,TRUE,TRUE,FALSE,Medium density
427,638.485348783433,FALSE,FALSE,FALSE,High density
428,917.443725280464,FALSE,FALSE,FALSE,High density
429,1391.40178504974,TRUE,FALSE,TRUE,Medium density
430,149.562973619256,FALSE,FALSE,FALSE,High density
431,842.683926710367,FALSE,FALSE,FALSE,High density
432,849.492971982428,FALSE,FALSE,FALSE,High density
433,7856.87128784967,TRUE,TRUE,FALSE,Low density
434,2721.61075836959,TRUE,TRUE,FALSE,Medium density
435,897.413517360747,FALSE,FALSE,FALSE,High density
436,3528.19025872235,TRUE,TRUE,FALSE,Low density
437,1912.79667421224,TRUE,FALSE,TRUE,Medium density
438,1217.02511701733,TRUE,FALSE,TRUE,Medium density
439,1.65194772921582,FALSE,FALSE,FALSE,High density
440,3146.22699079995,TRUE,TRUE,FALSE,Low density
441,6704.49246432553,TRUE,TRUE,FALSE,Low density
442,389.413930475712,FALSE,FALSE,FALSE,High density
443,1956.92190892043,TRUE,FALSE,TRUE,Medium density
444,111.716001294553,FALSE,FALSE,FALSE,High density
445,1181.68808147311,TRUE,FALSE,TRUE,Medium density
446,4364.7261818213,TRUE,TRUE,FALSE,Low density
447,780.082789249718,FALSE,FALSE,FALSE,High density
448,345.750942740236,FALSE,FALSE,FALSE,High density
449,3323.55640439277,TRUE,TRUE,FALSE,Low density
450,4451.04487587638,TRUE,TRUE,FALSE,Low density
451,229.750332422555,FALSE,FALSE,FALSE,High density
452,1437.17740815154,TRUE,FALSE,TRUE,Medium density
453,4032.48973919039,TRUE,TRUE,FALSE,Low density
454,55.124556645751,FALSE,FALSE,FALSE,High density
455,3441.1401455158,TRUE,TRUE,FALSE,Low density
456,277.410754933953,FALSE,FALSE,FALSE,High density
457,3079.02576385026,TRUE,TRUE,FALSE,Low density
458,3103.92892343884,TRUE,TRUE,FALSE,Low density
459,2684.5592650676,TRUE,TRUE,FALSE,Medium density
460,732.041129842401,FALSE,FALSE,FALSE,High density
461,613.711281679571,FALSE,FALSE,FALSE,High density
462,936.982497450131,FALSE,FALSE,FALSE,High density
463,1229.99643720686,TRUE,FALSE,TRUE,Medium density
464,2821.61943597679,TRUE,TRUE,FALSE,Medium density
465,1392.5226329917,TRUE,FALSE,TRUE,Medium density
466,2038.67029390278,TRUE,TRUE,FALSE,Medium density
467,2644.44868071916,TRUE,TRUE,FALSE,Medium density
468,541.470307856798,FALSE,FALSE,FALSE,High density
469,1234.44817960262,TRUE,FALSE,TRUE,Medium density
470,1456.70397198739,TRUE,FALSE,TRUE,Medium density
471,1277.86855958402,TRUE,FALSE,TRUE,Medium density
472,8957.35930833921,TRUE,TRUE,FALSE,Low density
473,4027.26234851365,TRUE,TRUE,FALSE,Low density
474,7333.80360486818,TRUE,TRUE,FALSE,Low density
475,1651.35593890193,TRUE,FALSE,TRUE,Medium density
476,752.108516837863,FALSE,FALSE,FALSE,High density
477,3451.07972712187,TRUE,TRUE,FALSE,Low density
478,2647.33962333741,TRUE,TRUE,FALSE,Medium density
479,5477.65322376914,TRUE,TRUE,FALSE,Low density
480,1630.81575921717,TRUE,FALSE,TRUE,Medium density
481,2278.02412576022,TRUE,TRUE,FALSE,Medium density
482,1460.25308958235,TRUE,FALSE,TRUE,Medium density
483,1554.41312611311,TRUE,FALSE,TRUE,Medium density
484,6552.77299847374,TRUE,TRUE,FALSE,Low density
485,1488.66479462924,TRUE,FALSE,TRUE,Medium density
486,662.401985433983,FALSE,FALSE,FALSE,High density
487,670.560925267637,FALSE,FALSE,FALSE,High density
488,6707.77563717137,TRUE,TRUE,FALSE,Low density
489,780.420977622271,FALSE,FALSE,FALSE,High density
490,2292.38689496162,TRUE,TRUE,FALSE,Medium density
491,192.977223024276,FALSE,FALSE,FALSE,High density
492,1746.36853105369,TRUE,FALSE,TRUE,Medium density
493,2789.91328908091,TRUE,TRUE,FALSE,Medium density
494,359.606495127082,FALSE,FALSE,FALSE,High density
495,246.702435426414,FALSE,FALSE,FALSE,High density
496,754.884480498731,FALSE,FALSE,FALSE,High density
497,1876.46083339098,TRUE,FALSE,TRUE,Medium density
498,422.347365878522,FALSE,FALSE,FALSE,High density
499,105.160312047951,FALSE,FALSE,FALSE,High density
500,6015.90133888739,TRUE,TRUE,FALSE,Low density
501,9806.81404785114,TRUE,TRUE,FALSE,Low density
502,1087.63792924583,TRUE,FALSE,TRUE,Medium density
503,2310.26747853777,TRUE,TRUE,FALSE,Medium density
504,288.294882513583,FALSE,FALSE,FALSE,High density
505,815.251800231636,FALSE,FALSE,FALSE,High density
506,628.884241916239,FALSE,FALSE,FALSE,High density
507,1701.11152148786,TRUE,FALSE,TRUE,Medium density
508,5270.54566492267,TRUE,TRUE,FALSE,Low density
509,849.415089404465,FALSE,FALSE,FALSE,High density
510,4523.14062963245,TRUE,TRUE,FALSE,Low density
511,12.726107101137,FALSE,FALSE,FALSE,High density
512,2853.30224765425,TRUE,TRUE,FALSE,Medium density
513,1996.15953481736,TRUE,FALSE,TRUE,Medium density
514,905.59555310756,FALSE,FALSE,FALSE,High density
515,604.490428635194,FALSE,FALSE,FALSE,High density
516,104.173334602353,FALSE,FALSE,FALSE,High density
517,58.7243701270672,FALSE,FALSE,FALSE,High density
518,589.7685745731,FALSE,FALSE,FALSE,High density
519,1761.72426815066,TRUE,FALSE,TRUE,Medium density
520,3289.3133087266,TRUE,TRUE,FALSE,Low density
521,4862.68097379176,TRUE,TRUE,FALSE,Low density
522,3022.92775345926,TRUE,TRUE,FALSE,Low density
523,3488.89352364426,TRUE,TRUE,FALSE,Low density
524,1047.9412926361,TRUE,FALSE,TRUE,Medium density
525,109.5797624439,FALSE,FALSE,FALSE,High density
526,18.0787059144668,FALSE,FALSE,FALSE,High density
527,772.79560547322,FALSE,FALSE,FALSE,High density
528,148.741975120689,FALSE,FALSE,FALSE,High density
529,205.994625872595,FALSE,FALSE,FALSE,High density
530,981.367369182408,FALSE,FALSE,FALSE,High density
531,412.731824440842,FALSE,FALSE,FALSE,High density
532,1461.70772231164,TRUE,FALSE,TRUE,Medium density
533,3556.75214892101,TRUE,TRUE,FALSE,Low density
534,678.414183668792,FALSE,FALSE,FALSE,High density
535,186.091177165508,FALSE,FALSE,FALSE,High density
536,1245.85463106632,TRUE,FALSE,TRUE,Medium density
537,1036.66720818728,TRUE,FALSE,TRUE,Medium density
538,7500.23547890497,TRUE,TRUE,FALSE,Low density
539,2433.52396219018,TRUE,TRUE,FALSE,Medium density
540,6801.50471594105,TRUE,TRUE,FALSE,Low density
541,1191.61174912006,TRUE,FALSE,TRUE,Medium density
542,752.201061325221,FALSE,FALSE,FALSE,High density
543,334.25145316869,FALSE,FALSE,FALSE,High density
544,673.294574022293,FALSE,FALSE,FALSE,High density
545,45.2583860605955,FALSE,FALSE,FALSE,High density
546,1051.00235715508,TRUE,FALSE,TRUE,Medium density
547,99.0255703291196,FALSE,FALSE,FALSE,High density
548,11162.7175357792,TRUE,TRUE,FALSE,Low density
549,736.689765649841,FALSE,FALSE,FALSE,High density
550,2457.78773344102,TRUE,TRUE,FALSE,Medium density
551,1942.72019705715,TRUE,FALSE,TRUE,Medium density
552,1233.54502115399,TRUE,FALSE,TRUE,Medium density
553,6228.02534665833,TRUE,TRUE,FALSE,Low density
554,2296.2359189147,TRUE,TRUE,FALSE,Medium density
555,948.899737753891,FALSE,FALSE,FALSE,High density
556,2170.41478297653,TRUE,TRUE,FALSE,Medium density
557,218.727317638695,FALSE,FALSE,FALSE,High density
558,2968.48660318141,TRUE,TRUE,FALSE,Medium density
559,1139.72622528672,TRUE,FALSE,TRUE,Medium density
560,282.936972139559,FALSE,FALSE,FALSE,High density
561,385.451843030751,FALSE,FALSE,FALSE,High density
562,219.988830785253,FALSE,FALSE,FALSE,High density
563,32.8394325454145,FALSE,FALSE,FALSE,High density
564,539.504624335696,FALSE,FALSE,FALSE,High density
565,5132.50933934875,TRUE,TRUE,FALSE,Low density
566,3361.53608543758,TRUE,TRUE,FALSE,Low density
567,2629.62632245364,TRUE,TRUE,FALSE,Medium density
568,2120.80991446021,TRUE,TRUE,FALSE,Medium density
569,2708.35398687961,TRUE,TRUE,FALSE,Medium density
570,1818.71411382201,TRUE,FALSE,TRUE,Medium density
571,241.122149862349,FALSE,FALSE,FALSE,High density
572,3266.5751313973,TRUE,TRUE,FALSE,Low density
573,60.9506848021982,FALSE,FALSE,FALSE,High density
574,84.9280167883611,FALSE,FALSE,FALSE,High density
575,2665.86178905311,TRUE,TRUE,FALSE,Medium density
576,2009.5721821669,TRUE,TRUE,FALSE,Medium density
577,493.045534007251,FALSE,FALSE,FALSE,High density
578,3012.23561895971,TRUE,TRUE,FALSE,Low density
579,760.078267930899,FALSE,FALSE,FALSE,High density
580,4822.0439498577,TRUE,TRUE,FALSE,Low density
581,1127.87565868348,TRUE,FALSE,TRUE,Medium density
582,6490.87655510674,TRUE,TRUE,FALSE,Low density
583,1279.37867119908,TRUE,FALSE,TRUE,Medium density
584,1541.5619406009,TRUE,FALSE,TRUE,Medium density
585,1649.09767723622,TRUE,FALSE,TRUE,Medium density
586,572.886237874627,FALSE,FALSE,FALSE,High density
587,9.70191794533555,FALSE,FALSE,FALSE,High density
588,2738.66016036811,TRUE,TRUE,FALSE,Medium density
589,2372.90977068683,TRUE,TRUE,FALSE,Medium density
590,508.442802354693,FALSE,FALSE,FALSE,High density
591,191.112274950983,FALSE,FALSE,FALSE,High density
592,3224.66677037959,TRUE,TRUE,FALSE,Low density
593,3833.58371240978,TRUE,TRUE,FALSE,Low density
594,1507.20598744706,TRUE,FALSE,TRUE,Medium density
595,288.59471809119,FALSE,FALSE,FALSE,High density
596,2587.64778814259,TRUE,TRUE,FALSE,Medium density
597,261.861522682011,FALSE,FALSE,FALSE,High density
598,1318.49551480263,TRUE,FALSE,TRUE,Medium density
599,568.455277942121,FALSE,FALSE,FALSE,High density
600,2518.28437476399,TRUE,TRUE,FALSE,Medium density
601,838.319418951869,FALSE,FALSE,FALSE,High density
602,4538.20473690985,TRUE,TRUE,FALSE,Low density
603,3335.54573712831,TRUE,TRUE,FALSE,Low density
604,662.49179346195,FALSE,FALSE,FALSE,High density
605,1094.76848971099,TRUE,FALSE,TRUE,Medium density
606,1749.49500515106,TRUE,FALSE,TRUE,Medium density
607,4258.98266185947,TRUE,TRUE,FALSE,Low density
608,1858.92975601062,TRUE,FALSE,TRUE,Medium density
609,3734.83382148628,TRUE,TRUE,FALSE,Low density
610,27.9909074306488,FALSE,FALSE,FALSE,High density
611,7387.92372825456,TRUE,TRUE,FALSE,Low density
612,1094.7441579774,TRUE,FALSE,TRUE,Medium density
613,238.66031691432,FALSE,FALSE,FALSE,High density
614,565.850556828082,FALSE,FALSE,FALSE,High density
615,1773.38075531238,TRUE,FALSE,TRUE,Medium density
616,1170.95336690545,TRUE,FALSE,TRUE,Medium density
617,342.262305319309,FALSE,FALSE,FALSE,High density
618,2544.36624786797,TRUE,TRUE,FALSE,Medium density
619,1244.94939856231,TRUE,FALSE,TRUE,Medium density
620,1934.79911229553,TRUE,FALSE,TRUE,Medium density
621,325.789352878928,FALSE,FALSE,FALSE,High density
622,1758.93506784561,TRUE,FALSE,TRUE,Medium density
623,3393.05268515221,TRUE,TRUE,FALSE,Low density
624,2857.19891248231,TRUE,TRUE,FALSE,Medium density
625,486.90393101424,FALSE,FALSE,FALSE,High density
626,191.97713304311,FALSE,FALSE,FALSE,High density
627,3160.4961415935,TRUE,TRUE,FALSE,Low density
628,238.183476962149,FALSE,FALSE,FALSE,High density
629,2006.98007181517,TRUE,TRUE,FALSE,Medium density
630,878.34913097322,FALSE,FALSE,FALSE,High density
631,1722.41124061821,TRUE,FALSE,TRUE,Medium density
632,4586.4297931356,TRUE,TRUE,FALSE,Low density
633,2516.65509111228,TRUE,TRUE,FALSE,Medium density
634,9673.46946099653,TRUE,TRUE,FALSE,Low density
635,982.682227539391,FALSE,FALSE,FALSE,High density
636,1306.86196126044,TRUE,FALSE,TRUE,Medium density
637,747.782057050871,FALSE,FALSE,FALSE,High density
638,1597.81343108954,TRUE,FALSE,TRUE,Medium density
639,636.791703291237,FALSE,FALSE,FALSE,High density
640,3172.21053640444,TRUE,TRUE,FALSE,Low density
641,3541.27734137659,TRUE,TRUE,FALSE,Low density
642,1836.78443162682,TRUE,FALSE,TRUE,Medium density
643,2345.55257475915,TRUE,TRUE,FALSE,Medium density
644,4645.97282160945,TRUE,TRUE,FALSE,Low density
645,852.600755169988,FALSE,FALSE,FALSE,High density
646,203.69091629982,FALSE,FALSE,FALSE,High density
647,2946.43506390934,TRUE,TRUE,FALSE,Medium density
648,779.046358329749,FALSE,FALSE,FALSE,High density
649,887.434237081654,FALSE,FALSE,FALSE,High density
650,515.711043030024,FALSE,FALSE,FALSE,High density
651,1557.5663986707,TRUE,FALSE,TRUE,Medium density
652,7424.20888581474,TRUE,TRUE,FALSE,Low density
653,2524.94439288023,TRUE,TRUE,FALSE,Medium density
654,3523.57804013376,TRUE,TRUE,FALSE,Low density
655,1943.43131585958,TRUE,FALSE,TRUE,Medium density
656,2694.73487502875,TRUE,TRUE,FALSE,Medium density
657,1037.34278678894,TRUE,FALSE,TRUE,Medium density
658,1561.41600190642,TRUE,FALSE,TRUE,Medium density
659,4199.55226730841,TRUE,TRUE,FALSE,Low density
660,1495.81949212486,TRUE,FALSE,TRUE,Medium density
661,4338.29215573957,TRUE,TRUE,FALSE,Low density
662,1028.39413378388,TRUE,FALSE,TRUE,Medium density
663,277.136565529157,FALSE,FALSE,FALSE,High density
664,1203.67139484733,TRUE,FALSE,TRUE,Medium density
665,911.050841212273,FALSE,FALSE,FALSE,High density
666,3804.32236556636,TRUE,TRUE,FALSE,Low density
667,117.623025551438,FALSE,FALSE,FALSE,High density
668,394.55418754369,FALSE,FALSE,FALSE,High density
669,915.692204618399,FALSE,FALSE,FALSE,High density
670,4472.0536728663,TRUE,TRUE,FALSE,Low density
671,1305.32631464303,TRUE,FALSE,TRUE,Medium density
672,1800.96657831652,TRUE,FALSE,TRUE,Medium density
673,3139.24294795805,TRUE,TRUE,FALSE,Low density
674,274.27501603961,FALSE,FALSE,FALSE,High density
675,4007.54180533772,TRUE,TRUE,FALSE,Low density
676,3857.47875256424,TRUE,TRUE,FALSE,Low density
677,874.446980655193,FALSE,FALSE,FALSE,High density
678,1894.43752533736,TRUE,FALSE,TRUE,Medium density
679,2986.83075962548,TRUE,TRUE,FALSE,Medium density
680,6333.06122584995,TRUE,TRUE,FALSE,Low density
681,4907.83718326852,TRUE,TRUE,FALSE,Low density
682,1278.73007394373,TRUE,FALSE,TRUE,Medium density
683,811.9180155918,FALSE,FALSE,FALSE,High density
684,270.993494428694,FALSE,FALSE,FALSE,High density
685,885.237065143883,FALSE,FALSE,FALSE,High density
686,1009.77685395628,TRUE,FALSE,TRUE,Medium density
687,2437.67513512614,TRUE,TRUE,FALSE,Medium density
688,1690.37661134245,TRUE,FALSE,TRUE,Medium density
689,126.733308658004,FALSE,FALSE,FALSE,High density
690,1463.46293195131,TRUE,FALSE,TRUE,Medium density
691,1327.16127112508,TRUE,FALSE,TRUE,Medium density
692,2629.20543915572,TRUE,TRUE,FALSE,Medium density
693,4483.1047018332,TRUE,TRUE,FALSE,Low density
694,301.080653632914,FALSE,FALSE,FALSE,High density
695,502.673261798918,FALSE,FALSE,FALSE,High density
696,513.619215227664,FALSE,FALSE,FALSE,High density
697,2012.20367467942,TRUE,TRUE,FALSE,Medium density
698,2995.14059333091,TRUE,TRUE,FALSE,Medium density
699,830.551087103929,FALSE,FALSE,FALSE,High density
700,515.67203807592,FALSE,FALSE,FALSE,High density
701,4264.74935908742,TRUE,TRUE,FALSE,Low density
702,291.119124512195,FALSE,FALSE,FALSE,High density
703,2393.04185464027,TRUE,TRUE,FALSE,Medium density
704,4090.43671918993,TRUE,TRUE,FALSE,Low density
705,1550.83408576324,TRUE,FALSE,TRUE,Medium density
706,4477.89587427802,TRUE,TRUE,FALSE,Low density
707,763.959399424493,FALSE,FALSE,FALSE,High density
708,1681.95531508865,TRUE,FALSE,TRUE,Medium density
709,3163.18865103607,TRUE,TRUE,FALSE,Low density
710,557.032280339686,FALSE,FALSE,FALSE,High density
711,300.35750147143,FALSE,FALSE,FALSE,High density
712,880.201831459999,FALSE,FALSE,FALSE,High density
713,2564.26240309122,TRUE,TRUE,FALSE,Medium density
714,5166.92764659352,TRUE,TRUE,FALSE,Low density
715,539.585620164871,FALSE,FALSE,FALSE,High density
716,11628.6565952732,TRUE,TRUE,FALSE,Low density
717,4140.96055908089,TRUE,TRUE,FALSE,Low density
718,716.091237962246,FALSE,FALSE,FALSE,High density
719,187.144745806992,FALSE,FALSE,FALSE,High density
720,2486.28042257371,TRUE,TRUE,FALSE,Medium density
721,1153.88771612197,TRUE,FALSE,TRUE,Medium density
722,771.654666401446,FALSE,FALSE,FALSE,High density
723,377.09188554436,FALSE,FALSE,FALSE,High density
724,4781.89955607342,TRUE,TRUE,FALSE,Low density
725,8271.98017719102,TRUE,TRUE,FALSE,Low density
726,3895.33163217788,TRUE,TRUE,FALSE,Low density
727,152.217329868685,FALSE,FALSE,FALSE,High density
728,2467.88310437443,TRUE,TRUE,FALSE,Medium density
729,678.024786503834,FALSE,FALSE,FALSE,High density
730,872.367235831916,FALSE,FALSE,FALSE,High density
731,1476.05848695694,TRUE,FALSE,TRUE,Medium density
732,1141.39447361231,TRUE,FALSE,TRUE,Medium density
733,168.753159232438,FALSE,FALSE,FALSE,High density
734,2718.67312296274,TRUE,TRUE,FALSE,Medium density
735,109.477298159594,FALSE,FALSE,FALSE,High density
736,2443.72764221373,TRUE,TRUE,FALSE,Medium density
737,1208.73083174229,TRUE,FALSE,TRUE,Medium density
738,3939.36691043859,TRUE,TRUE,FALSE,Low density
739,479.203801837081,FALSE,FALSE,FALSE,High density
740,5387.10502367793,TRUE,TRUE,FALSE,Low density
741,6129.54628433953,TRUE,TRUE,FALSE,Low density
742,1699.68520036105,TRUE,FALSE,TRUE,Medium density
743,10078.7937374492,TRUE,TRUE,FALSE,Low density
744,1606.77500247004,TRUE,FALSE,TRUE,Medium density
745,1987.91950560155,TRUE,FALSE,TRUE,Medium density
746,354.825106449425,FALSE,FALSE,FALSE,High density
747,2832.36196550274,TRUE,TRUE,FALSE,Medium density
748,1875.64650542083,TRUE,FALSE,TRUE,Medium density
749,4670.6568484468,TRUE,TRUE,FALSE,Low density
750,1960.24709186497,TRUE,FALSE,TRUE,Medium density
751,499.622147530317,FALSE,FALSE,FALSE,High density
752,1773.46392521533,TRUE,FALSE,TRUE,Medium density
753,282.852773554623,FALSE,FALSE,FALSE,High density
754,6241.37021567593,TRUE,TRUE,FALSE,Low density
755,3824.06800968533,TRUE,TRUE,FALSE,Low density
756,908.34588278085,FALSE,FALSE,FALSE,High density
757,1306.76020123065,TRUE,FALSE,TRUE,Medium density
758,42.8843013942242,FALSE,FALSE,FALSE,High density
759,270.904663018882,FALSE,FALSE,FALSE,High density
760,12843.7680855282,TRUE,TRUE,FALSE,Low density
761,3073.03837297444,TRUE,TRUE,FALSE,Low density
762,114.453932693279,FALSE,FALSE,FALSE,High density
763,344.807956509948,FALSE,FALSE,FALSE,High density
764,5577.64597203503,TRUE,TRUE,FALSE,Low density
765,3115.36543054466,TRUE,TRUE,FALSE,Low density
766,812.291895970702,FALSE,FALSE,FALSE,High density
767,4256.82575602956,TRUE,TRUE,FALSE,Low density
768,487.228249199688,FALSE,FALSE,FALSE,High density
769,121.847808850512,FALSE,FALSE,FALSE,High density
770,8260.84275129152,TRUE,TRUE,FALSE,Low density
771,900.911808013916,FALSE,FALSE,FALSE,High density
772,2171.18983652196,TRUE,TRUE,FALSE,Medium density
773,218.252718448639,FALSE,FALSE,FALSE,High density
774,950.608829036355,FALSE,FALSE,FALSE,High density
775,492.516648024321,FALSE,FALSE,FALSE,High density
776,1874.52160744908,TRUE,FALSE,TRUE,Medium density
777,2523.8662379885,TRUE,TRUE,FALSE,Medium density
778,4005.98800910597,TRUE,TRUE,FALSE,Low density
779,841.245216239735,FALSE,FALSE,FALSE,High density
780,250.067234970629,FALSE,FALSE,FALSE,High density
781,1593.48646356704,TRUE,FALSE,TRUE,Medium density
782,942.233614623547,FALSE,FALSE,FALSE,High density
783,197.119175456464,FALSE,FALSE,FALSE,High density
784,2155.31071267071,TRUE,TRUE,FALSE,Medium density
785,59.8625391721726,FALSE,FALSE,FALSE,High density
786,1263.07179033756,TRUE,FALSE,TRUE,Medium density
787,105.090277269483,FALSE,FALSE,FALSE,High density
788,4021.22952027207,TRUE,TRUE,FALSE,Low density
789,420.49797398209,FALSE,FALSE,FALSE,High density
790,1082.38818775862,TRUE,FALSE,TRUE,Medium density
791,933.794219978154,FALSE,FALSE,FALSE,High density
792,1355.62399309129,TRUE,FALSE,TRUE,Medium density
793,276.195369660854,FALSE,FALSE,FALSE,High density
794,8295.4191077025,TRUE,TRUE,FALSE,Low density
795,2138.61001676579,TRUE,TRUE,FALSE,Medium density
796,220.455227419734,FALSE,FALSE,FALSE,High density
797,4508.14380099006,TRUE,TRUE,FALSE,Low density
798,2956.62550983911,TRUE,TRUE,FALSE,Medium density
799,738.434785045683,FALSE,FALSE,FALSE,High density
800,5346.78504218288,TRUE,TRUE,FALSE,Low density
801,4033.16320462113,TRUE,TRUE,FALSE,Low density
802,2314.13546754959,TRUE,TRUE,FALSE,Medium density
803,1384.7830304876,TRUE,FALSE,TRUE,Medium density
804,2921.76623756942,TRUE,TRUE,FALSE,Medium density
805,1116.27547442913,TRUE,FALSE,TRUE,Medium density
806,1427.13982789757,TRUE,FALSE,TRUE,Medium density
807,192.17330403626,FALSE,FALSE,FALSE,High density
808,5714.87477388153,TRUE,TRUE,FALSE,Low density
809,1224.43790454417,TRUE,FALSE,TRUE,Medium density
810,2088.31681861522,TRUE,TRUE,FALSE,Medium density
811,495.054613431186,FALSE,FALSE,FALSE,High density
812,2461.32254219594,TRUE,TRUE,FALSE,Medium density
813,1403.28287749313,TRUE,FALSE,TRUE,Medium density
814,50.2998866140842,FALSE,FALSE,FALSE,High density
815,1949.11130695584,TRUE,FALSE,TRUE,Medium density
816,325.732630677521,FALSE,FALSE,FALSE,High density
817,469.377633184195,FALSE,FALSE,FALSE,High density
818,1622.47591825805,TRUE,FALSE,TRUE,Medium density
819,991.14619474858,FALSE,FALSE,FALSE,High density
820,1375.65883249044,TRUE,FALSE,TRUE,Medium density
821,139.036187902093,FALSE,FALSE,FALSE,High density
822,1804.17645341697,TRUE,FALSE,TRUE,Medium density
823,1731.54661141023,TRUE,FALSE,TRUE,Medium density
824,618.506979197264,FALSE,FALSE,FALSE,High density
825,403.52666231455,FALSE,FALSE,FALSE,High density
826,145.43972350657,FALSE,FALSE,FALSE,High density
827,389.807466417551,FALSE,FALSE,FALSE,High density
828,8118.45029475999,TRUE,TRUE,FALSE,Low density
829,10183.0311746975,TRUE,TRUE,FALSE,Low density
830,2874.64079244022,TRUE,TRUE,FALSE,Medium density
831,8108.06108596635,TRUE,TRUE,FALSE,Low density
832,5107.02554483838,TRUE,TRUE,FALSE,Low density
833,1658.91852028264,TRUE,FALSE,TRUE,Medium density
834,2992.61646962197,TRUE,TRUE,FALSE,Medium density
835,1347.91164379567,TRUE,FALSE,TRUE,Medium density
836,1709.98789089117,TRUE,FALSE,TRUE,Medium density
837,3323.33011163359,TRUE,TRUE,FALSE,Low density
838,342.268416658044,FALSE,FALSE,FALSE,High density
839,3153.03635580425,TRUE,TRUE,FALSE,Low density
840,3637.54167763476,TRUE,TRUE,FALSE,Low density
841,2100.06640098038,TRUE,TRUE,FALSE,Medium density
842,3715.01974372153,TRUE,TRUE,FALSE,Low density
843,2630.62653868439,TRUE,TRUE,FALSE,Medium density
844,454.238473437727,FALSE,FALSE,FALSE,High density
845,742.685337550938,FALSE,FALSE,FALSE,High density
846,1294.10240054131,TRUE,FALSE,TRUE,Medium density
847,2378.15127140822,TRUE,TRUE,FALSE,Medium density
848,26.10691582358,FALSE,FALSE,FALSE,High density
849,1878.05403375093,TRUE,FALSE,TRUE,Medium density
850,4584.57455386348,TRUE,TRUE,FALSE,Low density
851,260.930869559441,FALSE,FALSE,FALSE,High density
852,84.3394543383128,FALSE,FALSE,FALSE,High density
853,523.062644877505,FALSE,FALSE,FALSE,High density
854,2305.36174050903,TRUE,TRUE,FALSE,Medium density
855,1460.12761762566,TRUE,FALSE,TRUE,Medium density
856,2858.15950777569,TRUE,TRUE,FALSE,Medium density
857,1724.72359496045,TRUE,FALSE,TRUE,Medium density
858,119.460024350514,FALSE,FALSE,FALSE,High density
859,889.595472253859,FALSE,FALSE,FALSE,High density
860,223.146953134631,FALSE,FALSE,FALSE,High density
861,3699.63979704266,TRUE,TRUE,FALSE,Low density
862,920.734248124063,FALSE,FALSE,FALSE,High density
863,358.102601952851,FALSE,FALSE,FALSE,High density
864,1886.15326202455,TRUE,FALSE,TRUE,Medium density
865,1091.1775957793,TRUE,FALSE,TRUE,Medium density
866,2076.67997843566,TRUE,TRUE,FALSE,Medium density
867,576.313967435504,FALSE,FALSE,FALSE,High density
868,137.723256971208,FALSE,FALSE,FALSE,High density
869,2668.99491764119,TRUE,TRUE,FALSE,Medium density
870,1802.67365579338,TRUE,FALSE,TRUE,Medium density
871,1191.89052470028,TRUE,FALSE,TRUE,Medium density
872,1202.04284787178,TRUE,FALSE,TRUE,Medium density
873,2481.69993041995,TRUE,TRUE,FALSE,Medium density
874,2439.01192202213,TRUE,TRUE,FALSE,Medium density
875,582.06245675683,FALSE,FALSE,FALSE,High density
876,715.779924271435,FALSE,FALSE,FALSE,High density
877,3153.09405682569,TRUE,TRUE,FALSE,Low density
878,451.063611544669,FALSE,FALSE,FALSE,High density
879,6231.05385865936,TRUE,TRUE,FALSE,Low density
880,1473.7608587557,TRUE,FALSE,TRUE,Medium density
881,2.68679670989513,FALSE,FALSE,FALSE,High density
882,1548.23916397038,TRUE,FALSE,TRUE,Medium density
883,395.208596251905,FALSE,FALSE,FALSE,High density
884,943.350505083799,FALSE,FALSE,FALSE,High density
885,854.311247356236,FALSE,FALSE,FALSE,High density
886,4956.16955351994,TRUE,TRUE,FALSE,Low density
887,3777.45226580776,TRUE,TRUE,FALSE,Low density
888,5195.50491012465,TRUE,TRUE,FALSE,Low density
889,1243.55791509151,TRUE,FALSE,TRUE,Medium density
890,3811.27229688649,TRUE,TRUE,FALSE,Low density
891,8255.47532322717,TRUE,TRUE,FALSE,Low density
892,190.792903543592,FALSE,FALSE,FALSE,High density
893,2028.09527837053,TRUE,TRUE,FALSE,Medium density
894,4257.27992107101,TRUE,TRUE,FALSE,Low density
895,932.159973308444,FALSE,FALSE,FALSE,High density
896,2553.74708390775,TRUE,TRUE,FALSE,Medium density
897,2037.8563804002,TRUE,TRUE,FALSE,Medium density
898,155.412597443318,FALSE,FALSE,FALSE,High density
899,1255.40209654719,TRUE,FALSE,TRUE,Medium density
900,66.9781533105097,FALSE,FALSE,FALSE,High density
901,328.57558876276,FALSE,FALSE,FALSE,High density
902,1322.93624896556,TRUE,FALSE,TRUE,Medium density
903,8333.73872202968,TRUE,TRUE,FALSE,Low density
904,1062.75866832584,TRUE,FALSE,TRUE,Medium density
905,1903.59524629059,TRUE,FALSE,TRUE,Medium density
906,1248.04697744548,TRUE,FALSE,TRUE,Medium density
907,278.311891621965,FALSE,FALSE,FALSE,High density
908,632.593234276524,FALSE,FALSE,FALSE,High density
909,3544.24500279094,TRUE,TRUE,FALSE,Low density
910,338.840357959271,FALSE,FALSE,FALSE,High density
911,1977.09843361903,TRUE,FALSE,TRUE,Medium density
912,2556.92339368344,TRUE,TRUE,FALSE,Medium density
913,3354.80869753824,TRUE,TRUE,FALSE,Low density
914,7592.70046236825,TRUE,TRUE,FALSE,Low density
915,2429.87811743262,TRUE,TRUE,FALSE,Medium density
916,2765.08178180995,TRUE,TRUE,FALSE,Medium density
917,3835.4057369936,TRUE,TRUE,FALSE,Low density
918,821.317126974464,FALSE,FALSE,FALSE,High density
919,8917.6491436648,TRUE,TRUE,FALSE,Low density
920,924.960372038186,FALSE,FALSE,FALSE,High density
921,8380.58375075042,TRUE,TRUE,FALSE,Low density
922,575.360008515418,FALSE,FALSE,FALSE,High density
923,3735.74073129584,TRUE,TRUE,FALSE,Low density
924,569.773502521838,FALSE,FALSE,FALSE,High density
925,1386.41427635195,TRUE,FALSE,TRUE,Medium density
926,2376.43067344072,TRUE,TRUE,FALSE,Medium density
927,3432.94277025637,TRUE,TRUE,FALSE,Low density
928,6595.73763575325,TRUE,TRUE,FALSE,Low density
929,1094.12422403693,TRUE,FALSE,TRUE,Medium density
930,2035.23299648407,TRUE,TRUE,FALSE,Medium density
931,211.505882441998,FALSE,FALSE,FALSE,High density
932,705.322115682066,FALSE,FALSE,FALSE,High density
933,1604.96932818534,TRUE,FALSE,TRUE,Medium density
934,6927.94086005459,TRUE,TRUE,FALSE,Low density
935,2232.09817237181,TRUE,TRUE,FALSE,Medium density
936,122.665642894269,FALSE,FALSE,FALSE,High density
937,2508.9497937912,TRUE,TRUE,FALSE,Medium density
938,1934.29028793218,TRUE,FALSE,TRUE,Medium density
939,730.300216935575,FALSE,FALSE,FALSE,High density
940,1663.21362174096,TRUE,FALSE,TRUE,Medium density
941,2507.05207503381,TRUE,TRUE,FALSE,Medium density
942,433.085499975609,FALSE,FALSE,FALSE,High density
943,3004.06147508097,TRUE,TRUE,FALSE,Low density
944,4288.79949120122,TRUE,TRUE,FALSE,Low density
945,37.8232293855278,FALSE,FALSE,FALSE,High density
946,1149.53985344619,TRUE,FALSE,TRUE,Medium density
947,2255.57675949278,TRUE,TRUE,FALSE,Medium density
948,8144.65142371965,TRUE,TRUE,FALSE,Low density
949,984.374391846359,FALSE,FALSE,FALSE,High density
950,7287.23213709584,TRUE,TRUE,FALSE,Low density
951,1502.26742998084,TRUE,FALSE,TRUE,Medium density
952,1249.57193527371,TRUE,FALSE,TRUE,Medium density
953,510.009766556323,FALSE,FALSE,FALSE,High density
954,522.289943881333,FALSE,FALSE,FALSE,High density
955,2513.41316281798,TRUE,TRUE,FALSE,Medium density
956,1869.60371255395,TRUE,FALSE,TRUE,Medium density
957,821.883000159898,FALSE,FALSE,FALSE,High density
958,2008.87111193481,TRUE,TRUE,FALSE,Medium density
959,4580.94285775848,TRUE,TRUE,FALSE,Low density
960,365.548968315125,FALSE,FALSE,FALSE,High density
961,3625.97693858628,TRUE,TRUE,FALSE,Low density
962,965.40049649775,FALSE,FALSE,FALSE,High density
963,1737.30402617695,TRUE,FALSE,TRUE,Medium density
964,556.743242777884,FALSE,FALSE,FALSE,High density
965,4222.42337348159,TRUE,TRUE,FALSE,Low density
966,177.458279593668,FALSE,FALSE,FALSE,High density
967,2158.86385058815,TRUE,TRUE,FALSE,Medium density
968,2751.33459017929,TRUE,TRUE,FALSE,Medium density
969,2532.57180928233,TRUE,TRUE,FALSE,Medium density
970,435.388550162315,FALSE,FALSE,FALSE,High density
971,2150.16420177164,TRUE,TRUE,FALSE,Medium density
972,1394.71228441937,TRUE,FALSE,TRUE,Medium density
973,7987.71349671197,TRUE,TRUE,FALSE,Low density
974,6195.41050441893,TRUE,TRUE,FALSE,Low density
975,259.08214432001,FALSE,FALSE,FALSE,High density
976,436.243914067745,FALSE,FALSE,FALSE,High density
977,698.821053197706,FALSE,FALSE,FALSE,High density
978,2770.52055104616,TRUE,TRUE,FALSE,Medium density
979,617.525150999427,FALSE,FALSE,FALSE,High density
980,247.301796704538,FALSE,FALSE,FALSE,High density
981,1446.31375922802,TRUE,FALSE,TRUE,Medium density
982,4310.73567269281,TRUE,TRUE,FALSE,Low density
983,1316.28677900881,TRUE,FALSE,TRUE,Medium density
984,1084.18518770486,TRUE,FALSE,TRUE,Medium density
985,647.340678847556,FALSE,FALSE,FALSE,High density
986,1140.73176961392,TRUE,FALSE,TRUE,Medium density
987,138.212384401332,FALSE,FALSE,FALSE,High density
988,1601.98572455885,TRUE,FALSE,TRUE,Medium density
989,888.888204470277,FALSE,FALSE,FALSE,High density
990,2236.73579647186,TRUE,TRUE,FALSE,Medium density
991,2447.98942833188,TRUE,TRUE,FALSE,Medium density
992,5591.17110039959,TRUE,TRUE,FALSE,Low density
993,85.7811477035284,FALSE,FALSE,FALSE,High density
994,4262.36482675074,TRUE,TRUE,FALSE,Low density
995,51.5398883072685,FALSE,FALSE,FALSE,High density
996,568.279796279967,FALSE,FALSE,FALSE,High density
997,1140.31343813986,TRUE,FALSE,TRUE,Medium density
998,2586.7960563952,TRUE,TRUE,FALSE,Medium density
999,541.371474503255,FALSE,FALSE,FALSE,High density
1000,1677.66796975377,TRUE,FALSE,TRUE,Medium density
